Otel Adı,Gerçek Fiyat,Tahmin Edilen Fiyat,Fiyat Farkı,Adil Fiyat Aralığı;;;;
Adalya Elite Lara;25799.5;20.675.450.236.953.800;5.124.049.763.046.150;Düşük
Adalya Ocean Deluxe;30432.7;19.884.029.902.375.200;10.548.670.097.624.700;Düşük
Adam Eve;39150.0;22.048.273.986.051.700;17.101.726.013.948.200;Düşük
Alaiye Resort Spa;16875.0;2.051.961.655.126.200;-3.644.616.551.262.020;Yüksek
Alarcha Hotels Resorts;16907.5;19.852.569.237.892.900;-29.450.692.378.929.700;Yüksek
Aletris Deluxe Hotel Spa;28209.6;16.085.542.743.773.900;1.212.405.725.622.600;Düşük
Aqı Pegasos Royal;18662.9;19.355.274.805.338.400;-6.923.748.053.384.620;Yüksek
Aydınbey Famous Resort Hotel;20586.0;20.140.905.992.959.600;4.450.940.070.403.150;Orta
Aydınbey Queen`s Palace Hotel;35040.0;1.408.690.663.428.950;2.095.309.336.571.040;Düşük
Blue Waters Club;29776.5;20.142.383.704.511.200;9.634.116.295.488.730;Düşük
Boyalık Beach Hotel Spa Thermal Resort;21037.5;19.305.320.196.434.300;17.321.798.035.656.700;Düşük
Club Hotel Sera;25882.5;19.666.272.536.237.200;6.216.227.463.762.700;Düşük
Club Paradiso;13230.0;14.992.189.568.802.500;-17.621.895.688.025.300;Yüksek
Club Side Coast Hotel;15300.0;1.757.993.743.923.750;-22.799.374.392.375.300;Yüksek
Commodore Elite Suites Spa;40505.4;18.923.678.773.151.900;21.581.721.226.848.000;Düşük
Cornelia De Luxe Resort;38025.0;1.976.459.310.193.910;1.826.040.689.806.080;Düşük
Crystal De Luxe Resort Spa;21840.0;2.035.153.098.140.130;14.884.690.185.986.100;Düşük
Crystal Family Resort Spa;25875.0;2.198.051.789.504.480;3.894.482.104.955.130;Düşük
Crystal Palace Luxury Resort Spa;25935.0;2.223.691.448.352.240;36.980.855.164.775.700;Düşük
Crystal Sunset Luxury;14399.2;17.179.987.666.234.100;-27.807.876.662.341.900;Yüksek
Çenger Beach Resort Spa;24949.2;1.914.548.833.693.960;5.803.711.663.060.350;Düşük
Doria Hotel Bodrum;16320.0;13.388.502.407.790.900;2.931.497.592.209.080;Düşük
Ela Excellence Resort Belek;24675.8;22.805.513.041.512.200;18.702.869.584.877.500;Düşük
Hotel Terrace Beach Resort;23625.0;1.968.794.009.996.920;39.370.599.000.307.400;Düşük
Kirman Sidemarin Beach Spa;23625.0;21.166.159.573.559;24.588.404.264.409.900;Düşük
Laguna Beach Alya Resort Spa;18809.8;1.904.085.803.215.680;-23.105.803.215.688.100;Orta
Limak Atlantis Deluxe Hotel Resort;32076.0;21.088.015.886.102.500;10.987.984.113.897.400;Düşük
Limak Lara Deluxe Hotel Resort;31752.0;215.684.876.893.325;10.183.512.310.667.400;Düşük
Limak Limra Hotel Resort;29484.0;2.090.885.385.522.230;857.514.614.477.769;Düşük
Lrs Lake River Side Hotel Spa;21265.9;13.801.136.578.980.600;746.476.342.101.935;Düşük
Lrs Port River Hotel Spa;20674.0;1.839.298.392.218.140;2.281.016.077.818.530;Düşük
Luna Blanca Resort Spa;22499.9;18.271.214.817.869.900;4.228.685.182.130.000;Düşük
Lykia World Antalya;23085.0;21.390.374.888.862.500;1.694.625.111.137.490;Düşük
Marvida Family Eco;17784.0;17.412.724.911.439.900;37.127.508.856.001.800;Orta
Megasaray Club Belek;36000.0;2.047.000.512.086.990;1.552.999.487.913.000;Düşük
Meridia Beach Hotel;8640.0;19.359.716.718.532.100;-10.719.716.718.532.100;Yüksek
Meryan Beach Hotel Spa;12375.0;20.003.547.484.400.400;-7.628.547.484.400.450;Yüksek
Mirada Del Mar;23166.0;21.776.241.608.260.300;13.897.583.917.396.600;Düşük
Orange County Kemer;35100.0;19.256.135.324.535.800;15.843.864.675.464.100;Düşük
Pine Beach Belek;32400.0;19.929.669.657.752.900;12.470.330.342.247.000;Düşük
Queens Park Le Jardin Resort Spa;29503.5;20.282.121.337.052.100;9.221.378.662.947.860;Düşük
Queens Park Resort Göynük;34037.2;20.252.855.862.171.900;13.784.344.137.828.000;Düşük
Ramada Resort Bodrum;24795.0;13.720.569.131.485.900;11.074.430.868.514.000;Düşük
Raymar Resort Aqua;18144.0;1.956.370.319.122.830;-14.197.031.912.283.400;Yüksek
Riolavitas Resort Spa;20126.4;16.641.132.352.804.100;3.485.267.647.195.880;Düşük
Rox Royal Hotel;16380.0;1.808.069.030.814.780;-17.006.903.081.478.500;Yüksek
Selene Beach Spa Hotel;22139.2;19.006.258.980.415.600;3.132.941.019.584.360;Düşük
Sensitive Premium Resort Spa;18075.2;17.670.682.817.996.700;4.045.171.820.032.370;Orta
Sentido Kamelya Selin Hotel;35271.6;21.899.879.398.423.000;13.371.720.601.576.900;Düşük
Sentido Trendy Verbena Beach;30375.0;21.177.255.869.070.700;9.197.744.130.929.280;Düşük
Side Premium Hotel;30858.0;1.942.908.780.095.050;11.428.912.199.049.400;Düşük
Side Royal Style;19748.1;1.746.190.967.306.750;22.861.903.269.324.300;Düşük
Side Star Resort;19918.3;20.323.398.217.161.500;-40.509.821.716.158.600;Orta
Sirius Deluxe Hotel;22440.0;1.902.690.715.033.950;34.130.928.496.604.300;Düşük
Sueno Hotels Beach Side;27000.0;2.321.175.682.837.300;3.788.243.171.626.970;Düşük
Sunis Elita Beach Resort Spa;27840.0;19.914.992.777.589.600;7.925.007.222.410.310;Düşük
Sunis Evren Beach Resort Hotel;27000.0;20.050.440.722.874.200;6.949.559.277.125.710;Düşük
Susesi Luxury Resort;60480.0;229.632.704.447.917;375.167.295.552.083;Düşük
The Lumos Deluxe;22201.5;1.941.606.822.420.520;27.854.317.757.947.700;Düşük
Trendy Palm Beach;25312.5;2.002.711.391.083.240;52.853.860.891.675.700;Düşük
Tui Magic Life Belek;24097.5;20.980.520.055.874.000;31.169.799.441.259.400;Düşük
Turunç Premium Hotel;29700.0;19.863.895.796.399.000;9.836.104.203.600.990;Düşük
Venezia Palace Deluxe Resort Hotel;31239.0;21.292.645.849.400.400;9.946.354.150.599.580;Düşük
Vonresort Elite;29949.7;21.829.775.610.229.100;8.119.924.389.770.810;Düşük
Vonresort Golden Beach;21494.1;2.017.741.510.504.790;1.316.684.894.952.070;Düşük
Vonresort Golden Coast;10822.5;21.873.130.667.173.300;-11.050.630.667.173.300;Yüksek
Wome Deluxe Hotel;24412.5;20.897.063.716.366.000;3.515.436.283.633.960;Düşük
Adalya Resort Spa Adults Only;23400.0;2.046.341.510.981.920;29.365.848.901.807.400;Düşük
Tui Magic Life Jacaranda;33540.0;21.849.640.549.652.200;11.690.359.450.347.700;Düşük
Novum Garden Side Hotel;28203.0;1.859.273.067.967.520;961.026.932.032.471;Düşük
Side Breeze;15840.0;17.833.500.824.628.200;-1.993.500.824.628.210;Yüksek
Telatiye Resort Hotel;13291.2;19.282.604.860.924.200;-59.914.048.609.242.300;Yüksek
Villa Side Residence;18900.0;16.963.458.388.769.800;19.365.416.112.301.800;Düşük
Alaiye Kleopatra Hotel;12119.6;18.491.064.803.343.700;-63.714.648.033.437.800;Yüksek
Amon Hotels Belek;19958.4;13.664.738.996.533.400;6.293.661.003.466.500;Düşük
Ares Dream Hotel;8178.0;1.695.555.954.342.030;-8.777.559.543.420.370;Yüksek
Asrın Beach Hotel;12144.0;19.572.382.480.187.800;-7.428.382.480.187.850;Yüksek
Club Hotel Rama;11700.0;19.189.671.278.773.800;-7.489.671.278.773.860;Yüksek
Elamir Resort Hotel;13433.4;17.904.972.115.554.600;-4.471.572.115.554.660;Yüksek
Get Enjoy Hotels;13005.0;17.761.949.543.541.100;-4.756.949.543.541.110;Yüksek
The X Belek;22264.0;14.363.352.386.714.700;7.900.647.613.285.290;Düşük
Astoria Hotel;12105.0;17.421.064.052.981.100;-5.316.064.052.981.140;Yüksek
Club Mermaid Village;7705.1;15.840.883.148.290.000;-8.135.783.148.290.030;Yüksek
Hane Family Resort Hotel;15257.7;17.446.706.329.382.700;-21.890.063.293.827.700;Yüksek
Miramor Garden Resort;12105.0;16.717.281.624.365.100;-4.612.281.624.365.180;Yüksek
Museum Resort Spa;5292.0;12.659.773.416.238.600;-7.367.773.416.238.650;Yüksek
Mysea Hotels Alara;8505.0;18.746.100.401.150.300;-10.241.100.401.150.300;Yüksek
Side Su Hotel;14133.6;17.907.200.558.755.300;-37.736.005.587.553.600;Yüksek
Flora Bodrum Hotel;14256.0;18.180.850.229.681.600;-3.924.850.229.681.630;Yüksek
Malibu Resort Hotel;11117.6;1.614.765.182.233.210;-50.300.518.223.321.100;Yüksek
Le Meridien Bodrum Beach Resort;42083.1;19.647.681.250.587.600;22.435.418.749.412.300;Düşük
Rubi Platinum Sign;45818.2;190.467.127.788.093;267.714.872.211.907;Düşük
Sentido Lycus Beach;16005.8;1.847.348.540.729.890;-2.467.685.407.298.940;Yüksek
Akay Garden Family Club;8212.5;1.303.223.071.535.930;-4.819.730.715.359.370;Yüksek
Elamir Beach Bungalow;10631.2;17.818.379.438.974.000;-71.871.794.389.740.100;Yüksek
Adin Beach Hotel;33120.0;19.854.765.774.732.100;13.265.234.225.267.800;Düşük
Melas Resort Hotel;29700.0;1.986.253.413.130.690;9.837.465.868.693.040;Düşük
Suess Alaçatı;18000.0;12.710.883.152.793.900;5.289.116.847.206.080;Düşük
Adenya Hotel Resort;33870.6;1.985.933.442.675.980;14.011.265.573.240.100;Düşük
Champion Holiday Village;30801.6;1.976.612.099.726.300;1.103.547.900.273.690;Düşük
Hotel Turan Prince;24576.0;21.939.015.251.712.300;26.369.847.482.876.500;Düşük
İncekum Beach Resort;24990.0;1.983.668.993.169.030;5.153.310.068.309.640;Düşük
Kempinski Hotel Barbaros Bay;35955.0;19.813.892.748.063.300;16.141.107.251.936.600;Düşük
Lonicera Resort Spa Hotel;30723.0;21.632.021.279.481.000;9.090.978.720.518.940;Düşük
Modern Saraylar Halal Hotel Spa;18450.0;12.817.168.219.804.500;5.632.831.780.195.410;Düşük
Sailors Beach Club;17923.2;2.025.766.998.459.620;-23.344.699.845.962.200;Yüksek
Seaden Quality Resort;40374.4;19.036.473.709.164.400;2.133.792.629.083.550;Düşük
Sentido Kamelya Fulya Hotel;17981.5;21.896.714.705.210.600;-39.152.147.052.106.300;Yüksek
Hedef Beach Resort Spa;1756715.2;19.432.864.485.893.200;17.372.823.355.141.000;Düşük
Orange County Belek;26733.0;19.024.032.828.823.700;7.708.967.171.176.250;Düşük
Seashell Resort Spa Hotel;23400.0;2.012.485.220.316.060;32.751.477.968.393.000;Düşük
Side Star Beach;6750.0;198.668.781.560.048;-13.116.878.156.004.800;Yüksek
Ayayorgi Hotel By T;12276.0;12.961.414.894.734.300;-6.854.148.947.343.270;Yüksek
Baldan Suites;110694.0;18.427.410.474.946.100;9.226.658.952.505.380;Düşük
Golden Key Bördübet;47994.0;15.623.235.979.638.300;32.370.764.020.361.600;Düşük
Adalya Art Side Hotel;14641.8;18.368.435.115.903.400;-3.726.635.115.903.430;Yüksek
Akra Hotel;23348.4;19.413.800.931.862.700;39.345.990.681.372.800;Düşük
Annabella Diamond Hotel Spa;13770.0;1.902.105.912.145.690;-525.105.912.145.695;Yüksek
Aska Lara Resort Spa;32140.8;18.000.004.070.212.400;14.140.795.929.787.500;Düşük
Aydınbey King`s Palace Hotel;38127.9;206.188.616.014.403;175.090.383.985.597;Düşük
Belconti Resort Hotel;31356.5;21.118.095.702.510.400;10.238.404.297.489.500;Düşük
Blue Marlin Deluxe Spa Resort;15552.0;18.899.866.031.910.600;-3.347.866.031.910.690;Yüksek
Cape Bodrum Luxury Hotel Beach;50400.0;1.968.769.591.764.950;3.071.230.408.235.040;Düşük
Club Hotel Turan Prince World;21060.0;21.060.100.263.137.700;-0.10026313775597373;Orta
Corendon Playa Kemer;21654.6;20.444.447.807.609;12.101.521.923.909.900;Düşük
Doubletree By Hilton Bodrum Işıl Club Resort;12750.0;20.245.669.236.859.600;-7.495.669.236.859.680;Yüksek
Elegance Hotel Marmaris;24675.8;19.914.963.505.523.400;4.760.836.494.476.580;Düşük
Emelda Sun Club;33345.0;21.464.663.489.794.600;11.880.336.510.205.300;Düşük
Kirman Calyptus Resort Spa;17100.0;1.715.055.273.284.740;-5.055.273.284.744.900;Orta
Kirman Leodikya Resort;23625.0;2.034.248.620.022.330;32.825.137.997.766.200;Düşük
Kirman Sidera Luxury Spa;19500.0;20.819.986.823.128.400;-13.199.868.231.284.100;Yüksek
Lujo Bodrum;64213.5;242.393.482.119.831;399.741.517.880.169;Düşük
Martı La Perla;18432.0;19.124.155.852.009.100;-6.921.558.520.091.270;Yüksek
Mirage World Hotel;15637.0;19.183.772.158.890.800;-3.546.772.158.890.890;Yüksek
Mylome Luxury Hotel Resort;24008.4;2.136.704.095.271.650;26.413.590.472.834.900;Düşük
Nirvana Cosmopolitan Hotel;39785.2;20.030.427.281.831.600;19.754.772.718.168.300;Düşük
Orange County Alanya;37050.0;20.424.103.558.164.200;16.625.896.441.835.700;Düşük
Pirate`s Beach Club;14400.0;19.375.167.131.324.100;-4.975.167.131.324.110;Yüksek
Port Nature Luxury Resort Hotel Spa;18144.0;2.166.618.997.759.460;-35.221.899.775.946.200;Yüksek
Seven Seas Hotel Life;23400.0;2.033.263.397.198.910;3.067.366.028.010.800;Düşük
Side Star Elegance;24824.2;2.150.259.148.606.720;33.216.085.139.327.200;Düşük
Sueno Hotels Deluxe Belek;43875.0;2.142.159.205.960.140;2.245.340.794.039.850;Düşük
Sueno Hotels Golf Belek;40500.0;18.078.534.023.471.900;22.421.465.976.528.000;Düşük
Sunis Hotel Su;30375.0;1.974.504.835.399.630;10.629.951.646.003.600;Düşük
Sunis Kumköy Beach Resort;32400.0;2.042.849.779.870.160;1.197.150.220.129.830;Düşük
Swandor Hotels Resort Topkapı Palace;30958.2;21.183.744.238.115.000;9.774.455.761.884.980;Düşük
The Marmara Bodrum;31788.2;131.640.123.979.345;186.241.876.020.655;Düşük
White City Resort Spa;20565.0;20.556.329.934.503.000;8.670.065.496.968.160;Orta
Wind Of Lara Hotel Spa;27154.2;13.732.257.385.380.300;13.421.942.614.619.600;Düşük
Swiss Otel Resort Spa Çeşme;60096.6;1.893.916.044.591.310;4.115.743.955.408.680;Düşük
The Raga Side Hotel;17544.9;19.411.795.456.705.100;-18.668.954.567.051.400;Yüksek
Throne Beach Resort Spa;14805.0;18.816.808.695.245.300;-40.118.086.952.453.500;Yüksek
Adrasan Beach Club Hotel;9450.0;17.805.830.196.898.000;-8.355.830.196.898.010;Yüksek
Ag Hotels Antalya;11069.1;12.606.589.325.271.300;-15.374.893.252.713.600;Yüksek
Ambrosia Hotel;22500.0;19.449.782.493.187.400;3.050.217.506.812.550;Düşük
Marvida Hotel Akman Park;17784.0;1.895.425.559.913.580;-11.702.555.991.358.800;Yüksek
Merve Sun Hotel;10005.8;16.732.664.107.690.300;-6.726.864.107.690.380;Yüksek
Nashira City Resort Hotel;20748.1;13.336.065.294.658.500;7.412.034.705.341.410;Düşük
Optimum Luxury Hotel;19884.6;14.756.753.933.902.100;5.127.846.066.097.810;Düşük
Palmea Hotel;9072.0;18.372.719.894.111.600;-9.300.719.894.111.670;Yüksek
Royal Atlantis Beach;19074.0;20.085.211.459.456.400;-10.112.114.594.564.500;Yüksek
Celeste Bella Luxury Hotel Spa;16428.0;16.675.714.317.886.400;-2.477.143.178.864.420;Orta
Club Hotel Sidelya;18921.0;1.788.930.952.123.250;10.316.904.787.674.500;Düşük
Costa Farilya Special Class Hotel Bodrum;25920.0;18.898.717.090.762.900;70.212.829.092.370.300;Düşük
Golden Lotus Hotel;16672.5;19.241.801.679.599.200;-2.569.301.679.599.230;Yüksek
Green Garden Suites;35700.0;1.743.990.081.343.220;1.826.009.918.656.770;Düşük
İncekum Su Hotel;15091.2;1.920.711.268.650.900;-411.591.268.650.904;Yüksek
Sunny Hill Alya Hotel;11680.2;17.048.269.171.723.900;-5.368.069.171.723.910;Yüksek
The Beachfront Hotel;16875.0;1.883.159.714.470.210;-19.565.971.447.021.500;Yüksek
Yalıhan Una Hotel;23814.0;1.963.366.741.921.130;4.180.332.580.788.620;Düşük
Orfeus Park Hotel;17879.4;1.682.651.038.756.430;10.528.896.124.356.300;Düşük
Orfeus Queen Spa;17997.0;16.473.857.358.501.500;15.231.426.414.984.200;Düşük
Alkan Hotel;8640.0;17.841.891.920.520.300;-9.201.891.920.520.390;Yüksek
Atrium Hotel Bodrum;10200.0;17.960.098.221.777.000;-7.760.098.221.777.050;Yüksek
Begonville Beach Hotel;26069.7;18.561.485.930.288.500;7.508.214.069.711.430;Düşük
Begonville Hotel;7500.0;17.110.033.328.947.100;-9.610.033.328.947.190;Yüksek
Britannia Hotel;9900.0;17.821.524.302.662.900;-7.921.524.302.662.980;Yüksek
Side Sunberk Hotel;9720.0;17.075.507.659.219.000;-73.555.076.592.190.200;Yüksek
Alanya Risus Park Hotel;10987.3;17.599.218.657.558.800;-6.611.918.657.558.830;Yüksek
Almena City Hotel;4415.0;175.700.249.013.722;-13.155.024.901.372.100;Yüksek
Aurasia Deluxe Hotel;6303.6;18.422.183.828.478.600;-12.118.583.828.478.600;Yüksek
Ayhan Hotel Antalya;13623.6;12.531.277.246.221.700;10.923.227.537.782.800;Düşük
Belcan Hotel;4730.3;17.655.299.900.079.800;-12.924.999.900.079.800;Yüksek
Peramis Hotel Spa;10800.0;14.641.016.234.898.700;-3.841.016.234.898.750;Yüksek
Prima Hotel Lara;7148.1;12.835.726.371.385.900;-5.687.626.371.385.900;Yüksek
Reis Maris Hotel;4415.0;1.718.906.903.935.570;-12.774.069.039.355.700;Yüksek
Sealine Suite Hotel;15598.4;16.629.319.264.921.100;-10.309.192.649.211.700;Yüksek
Suite Laguna Otel;24471.9;12.462.428.399.266.400;12.009.471.600.733.500;Düşük
Sunpoint Hotel Bodrum;7383.5;17.085.056.639.707;-9.701.556.639.707;Yüksek
Winecity Otel;7800.0;1.235.319.876.700.240;-455.319.876.700.249;Yüksek
Atalla Otel;11880.0;12.534.618.463.247.800;-6.546.184.632.478.320;Yüksek
Send Apart Hotel;18721.2;14.547.722.689.775.500;4.173.477.310.224.430;Düşük
Asfiya Loft Apartments;11937.6;15.731.271.308.440.500;-3.793.671.308.440.530;Yüksek
Bahçe Apart;19764.7;11.951.044.795.036.100;7.813.655.204.963.860;Düşük
Bella Rose Apart Hotel;9469.9;1.535.192.727.080.430;-588.202.727.080.435;Yüksek
Göncü Apart Otel;7800.0;1.726.449.489.989.970;-946.449.489.989.975;Yüksek
Hayal Fener;8409.6;14.234.234.545.478.400;-5.824.634.545.478.410;Yüksek
Hayal Residence Apart Hotel;10512.0;1.780.737.126.501.770;-7.295.371.265.017.710;Yüksek
Heredot`s House;13411.7;12.551.902.019.206.200;8.597.979.807.937.480;Düşük
House Of Marmaris;19437.5;14.948.393.971.596.100;4.489.106.028.403.800;Düşük
Kemer Residence;29442.4;17.422.798.077.047.100;12.019.601.922.952.800;Düşük
Halikarnas Pansiyon;6000.0;17.495.389.362.696.800;-11.495.389.362.696.800;Yüksek
Kemer Pansiyon;4660.8;12.294.192.183.507.400;-7.633.392.183.507.420;Yüksek
Khans Bb Hotel;10800.0;16.027.833.359.622.200;-5.227.833.359.622.210;Yüksek
Merhaba Pansiyon;6000.0;17.315.330.372.273.900;-11.315.330.372.273.900;Yüksek
Tuthaliya Boutique Hotel;6000.0;12.286.867.481.750.200;-6.286.867.481.750.250;Yüksek
Yalıyanı Motel Restaurant;9600.0;1.782.809.658.950.610;-8.228.096.589.506.180;Yüksek
Lara Park Hotel;12806.1;1.691.419.270.649.340;-41.080.927.064.934.700;Yüksek
Laren Family Hotel Spa;17491.8;1.244.397.321.313.970;504.782.678.686.026;Düşük
Leaf Port Hotel;13867.2;164.587.960.545.335;-25.915.960.545.335;Yüksek
Life Point Boutique Hotel;13500.0;18.902.258.777.424.300;-54.022.587.774.243.000;Yüksek
Likya Adrasan Otel;9306.0;15.740.533.929.435.300;-6.434.533.929.435.350;Yüksek
Lvzz Hotel Residencess Spa;18000.0;12.832.116.307.271.400;5.167.883.692.728.530;Düşük
Martı Hemithea Hotel;54268.1;18.832.447.711.876.500;3.543.565.228.812.340;Düşük
Mediterra Art Hotel;16414.4;12.935.011.517.805.700;34.793.884.821.942.000;Düşük
Meis Exclusive Hotel;36900.0;18.602.567.168.404.700;18.297.432.831.595.200;Düşük
Mielo Lara Hotel;10371.2;1.690.363.931.925.760;-6.532.439.319.257.620;Yüksek
Moda Beach Boutique Hotel;6069.0;18.015.377.619.629.700;-11.946.377.619.629.700;Yüksek
Elegance East Hotel;26498.1;15.997.061.621.767.700;10.501.038.378.232.200;Düşük
Kemerlihan Deluxe Hotel;37800.0;12.737.081.944.016.500;25.062.918.055.983.400;Düşük
Kimera Lounge Hotel Çıralı;37843.2;17.921.224.784.526.600;1.992.197.521.547.330;Düşük
Lucky Angel Otel;13315.2;12.193.973.155.750.700;11.212.268.442.492.800;Düşük
Melissa Moment Apart;9672.6;15.336.726.593.774.000;-5.664.126.593.774.090;Yüksek
Bloomtalya Hotel;12676.8;12.208.352.196.188.400;4.684.478.038.115.370;Orta
Bodrum Marma Otel;6120.0;12.304.557.820.306.900;-6.184.557.820.306.900;Yüksek
Bodrum Oscar Hotel;21113.2;14.590.335.367.184.800;6.522.864.632.815.110;Düşük
Bu Bungalow Hotel;13500.0;11.990.163.095.880.100;1.509.836.904.119.880;Düşük
Caresse A Luxury Collection Resort Spa;58120.2;1.905.046.342.905.940;39.069.736.570.940.500;Düşük
Casa Bi Otel;65880.0;17.829.855.830.192.900;48.050.144.169.807.000;Düşük
Char Me Hotel;24570.0;17.510.115.028.181.500;70.598.849.718.184.800;Düşük
Hera Hotels Alaçatı;9600.0;12.190.066.804.772.900;-25.900.668.047.729.900;Yüksek
Hotel 1207 Special Class;15414.0;15.414.099.308.463.500;-0.09930846356292022;Orta
Hotel Pier Bodrum;12372.0;12.353.514.302.071.900;18.485.697.928.066.600;Orta
İnci Mira Hotel;11510.6;16.673.346.426.619.700;-5.162.746.426.619.730;Yüksek
Joya Del Mar Hotel;39000.0;1.824.897.426.783.490;2.075.102.573.216.500;Düşük
Just Dream Suite;9000.0;13.458.322.836.839.400;-4.458.322.836.839.410;Yüksek
Kalamar Hotel;14986.0;1.786.731.926.069.400;-2.881.319.260.694.020;Yüksek
Kaliptus Hotel;5400.0;1.556.349.478.476.190;-1.016.349.478.476.190;Yüksek
Mare Marin Hotel Bodrum;24000.0;172.652.428.834.128;67.347.571.165.872;Düşük
Marin A Hotel;10200.0;17.987.652.069.945.100;-7.787.652.069.945.170;Yüksek
Marina Loft;16800.0;13.764.835.014.980.100;30.351.649.850.198.900;Düşük
Mea Reisdere Otel;10500.0;12.279.761.878.616.900;-1.779.761.878.616.920;Yüksek
Mes Mudita Boutique Hotel;10800.0;12.497.873.093.031.100;-1.697.873.093.031.160;Yüksek
Ruinadalia Hotel;31237.4;1.406.428.882.508.140;17.173.111.174.918.500;Düşük
Sea View Otel;20520.0;18.644.723.114.126.700;1.875.276.885.873.230;Düşük
Side Erenler Hotel;13500.0;17.789.798.957.176.500;-4.289.798.957.176.550;Yüksek
Hotel Villa Turka Alanya;14716.8;1.777.140.105.473.060;-30.546.010.547.306.900;Yüksek
Adrasan Eliz Apart Bungalow;21000.0;13.295.060.079.046.300;7.704.939.920.953.650;Düşük
Afflon Hotels Loft City;15141.7;13.910.072.148.468.100;12.316.278.515.318.300;Düşük
Alp Paşa Konağı;27594.1;1.361.242.544.402.900;13.981.674.555.970.900;Düşük
Anelli Hotel;10515.0;12.330.683.274.043.500;-1.815.683.274.043.540;Yüksek
Antalya Madi Hotel;5100.0;12.584.840.772.628.600;-7.484.840.772.628.600;Yüksek
Delfi Hotel Spa Wellness;17640.0;1.793.518.119.128.820;-29.518.119.128.821.800;Orta
Derin Ma Sorgun;14533.2;12.219.352.271.191.500;2.313.847.728.808.400;Düşük
Dosi Hotel;9000.0;1.438.735.310.238.110;-5.387.353.102.381.150;Yüksek
Güvenpark Residence Hotel;44479.3;12.469.151.946.896.500;32.010.148.053.103.400;Düşük
Woo Town Suites;6797.7;16.468.238.359.749.100;-9.670.538.359.749.130;Yüksek
Alaçatı Private Otel;6630.0;12.110.556.935.772.100;-5.480.556.935.772.110;Yüksek
Jasmin Elite Residence Spa;21032.3;1.832.914.640.834.760;2.703.153.591.652.360;Düşük
L`olive Homes Marmaris;20183.0;17.684.403.506.011.400;2.498.596.493.988.590;Düşük
Ring Beach Hotel;13813.8;18.657.083.733.239.600;-4.843.283.733.239.600;Yüksek
Zena Hotel Bodrum;9600.0;18.676.228.966.713.600;-9.076.228.966.713.600;Yüksek
Ahsen Hotel;13500.0;12.325.048.403.696.900;11.749.515.963.030.900;Düşük
Alaçatı Otel Rebetiko;10500.0;12.120.322.813.215.400;-16.203.228.132.154.800;Yüksek
İnnvista Belek Antalya;16320.0;13.918.060.287.953.100;24.019.397.120.468.200;Düşük
Kirman Arycanda De Luxe;23625.0;20.566.027.355.085.300;30.589.726.449.146.700;Düşük
Royal Alhambra Palace;35100.0;2.026.290.501.570.490;14.837.094.984.295.000;Düşük
Rubi Platinum Spa Resort Suites;34037.2;19.760.320.536.223.400;1.427.687.946.377.650;Düşük
Salmakis Resort Spa;24795.0;1.985.560.118.794.620;4.939.398.812.053.790;Düşük
Seaden Sea World Resort;18144.0;20.444.991.342.478.200;-23.009.913.424.782.900;Yüksek
Sealife Buket Beach Hotel;20126.4;20.136.568.157.212.300;-1.016.815.721.236.340;Orta
Seher Resort Spa;16380.0;19.932.817.191.826.000;-3.552.817.191.826.020;Yüksek
Hedef Resort Hotel Spa;10822.5;19.084.703.681.032.100;-8.262.203.681.032.100;Yüksek
Mary Palace Hotel Spa;24412.5;1.612.075.833.887.120;829.174.166.112.877;Düşük
Seven Seas Hotel Blue;23400.0;21.301.511.743.424.100;2.098.488.256.575.860;Düşük
Side Royal Palace Hotel Spa;18514.0;1.779.107.123.861.070;7.229.287.613.892.880;Düşük
Trendy Aspendos Beach;32400.0;20.587.615.786.849.700;11.812.384.213.150.200;Düşük
Hedef Kleopatra Hotel;9517.5;17.872.386.590.659.900;-8.354.886.590.659.900;Yüksek
Justiniano Club Alanya;22325.7;19.960.171.015.448.600;23.655.289.845.513.100;Düşük
Larissa Sultans Beach Hotel;16200.0;1.863.128.084.970.810;-24.312.808.497.081.200;Yüksek
Mysea Hotels İncekum;9450.0;19.016.211.615.563.900;-9.566.211.615.563.940;Yüksek
Otel Zeytinada;15687.0;16.534.104.399.111.400;-8.471.043.991.114.050;Yüksek
Pineta Park Deluxe Hotel;20520.0;1.705.800.919.112.540;34.619.908.088.745.500;Düşük
Sayanora Hotel;9801.0;18.165.552.277.353.600;-8.364.552.277.353.640;Yüksek
Seaden Corolla Hotel Side;14256.0;1.825.809.229.133.350;-40.020.922.913.335.300;Yüksek
Tu Casa Gelidonya Hotel;13708.8;17.931.700.288.585.200;-4.222.900.288.585.200;Yüksek
Avena Resort Spa Hotel;13851.0;18.543.259.822.954.200;-4.692.259.822.954.240;Yüksek
Blue Wave Suite Hotel;12144.0;16.225.745.507.071.500;-4.081.745.507.071.540;Yüksek
Eldar Resort Hotel;11700.0;16.579.071.401.571.200;-4.879.071.401.571.200;Yüksek
Gardenia Beach Hotel;13433.4;19.104.238.660.338.500;-5.670.838.660.338.570;Yüksek
Grand Miramor Hotel;13005.0;18.640.761.491.658.200;-5.635.761.491.658.210;Yüksek
Acropol Of Bodrum Beach Hotel;11700.0;18.595.781.249.073.200;-6.895.781.249.073.280;Yüksek
Alaçatı Barbarossa Hotel;20250.0;12.400.346.995.563.900;7.849.653.004.436.000;Düşük
Artemis Hotel Kaş;13200.0;1.256.198.275.017.620;6.380.172.498.237.290;Düşük
Casa Nonna Bodrum;64235.1;19.209.336.321.564.600;450.257.636.784.353;Düşük
Club Hotel Barbarossa Kaş;24225.0;19.382.076.001.168.800;4.842.923.998.831.160;Düşük
Ege Tulip Çeşme Deluxe Hotel;11700.0;12.739.793.943.712.300;-1.039.793.943.712.300;Yüksek
Saylam Suites;18003.6;1.217.961.696.073.580;5.823.983.039.264.180;Düşük
Adora Calma Beach;21937.5;1.805.584.094.719.390;38.816.590.528.060.600;Düşük
Alaçatı Aura Plus Otel;13200.0;12.338.434.027.628.700;8.615.659.723.712.080;Düşük
Alaçatı Bellezza Hotel;12600.0;12.690.521.262.954.700;-9.052.126.295.473.860;Orta
Cappari Aqua Princess Hotel;20971.3;18.709.647.570.835.200;2.261.652.429.164.780;Düşük
Roseira Beach Resort;14442.7;16.996.327.592.942.900;-2.553.627.592.942.910;Yüksek
Mgallery The Bodrum Hotel Yalıkavak;1756715.2;19.569.680.445.461.500;17.371.455.195.545.300;Düşük
Kamelya Aishen K Club;26733.0;23.810.572.429.188.500;29.224.275.708.114.000;Düşük
Trendy Side Beach;23400.0;19.442.317.882.889.400;3.957.682.117.110.560;Düşük
Oscar Seaside Hotel Spa;6750.0;1.816.267.025.940.660;-11.412.670.259.406.600;Yüksek
Galeri Resort Hotel;24112.8;20.927.214.772.577.800;31.855.852.274.221.700;Düşük
Green Nature Diamond;23400.0;20.891.401.530.282.900;2.508.598.469.717.050;Düşük
Green Nature Resort Spa;18900.0;1.697.416.077.876.160;19.258.392.212.383.400;Düşük
Hillstone Bodrum Hotel Spa;22425.0;13.891.232.612.415.900;8.533.767.387.584.030;Düşük
Hotel Melas Lara;24750.0;19.722.057.952.827.100;5.027.942.047.172.820;Düşük
Hotel Samara;21060.0;20.132.966.196.456.100;9.270.338.035.438.760;Düşük
Hotel Terrace Elite Resort;21654.6;15.656.627.426.577.000;5.997.972.573.422.910;Düşük
Jacaranda Luxury Hotel;43176.6;21.014.966.042.119.300;22.161.633.957.880.600;Düşük
Jura Hotels Lara Resort;12750.0;13.068.434.030.338.000;-3.184.340.303.380.080;Orta
Radisson Blu Resort Spa Çeşme;27405.0;1.939.769.215.898.190;800.730.784.101.801;Düşük
Rixos Downtown Antalya;46381.9;1.786.103.547.953.950;2.852.086.452.046.040;Düşük
Robinson Çamyuva;34888.0;1.983.941.674.378.590;1.504.858.325.621.400;Düşük
Royal Atlantis Spa Resort;16830.0;21.109.859.627.684.400;-4.279.859.627.684.480;Yüksek
Royal Holiday Palace;36270.0;22.005.537.200.371.600;14.264.462.799.628.300;Düşük
Royal Seginus Hotel;36270.0;2.141.596.300.315.950;14.854.036.996.840.400;Düşük
Royal Wings Hotel;27667.8;2.244.238.059.316.630;5.225.419.406.833.650;Düşük
Saphir Hotel;29250.0;19.654.554.658.780.200;9.595.445.341.219.780;Düşük
Saphir Resort Spa;37050.0;20.241.840.597.380.100;16.808.159.402.619.800;Düşük
Scylax Family Club;14400.0;18.951.313.517.951.100;-4.551.313.517.951.160;Yüksek
Seaden Sea Planet Resort Spa;18144.0;21.225.680.275.951.000;-30.816.802.759.510.200;Yüksek
Seaden Valentine Resort Spa;18792.0;1.913.278.064.919.820;-3.407.806.491.982.700;Orta
Seher Sun Palace;13860.0;17.574.605.708.896.900;-3.714.605.708.896.930;Yüksek
Selge Beach Resort Spa;47400.0;19.346.541.625.685.000;28.053.458.374.314.900;Düşük
Serenis Hotel;15933.0;15.634.820.183.262.000;29.817.981.673.795.200;Orta
Seven Seas Gravel Select;22345.8;22.137.015.251.712.300;2.087.847.482.876.710;Orta
Xanadu Island Bodrum;36000.0;20.637.572.687.812.100;15.362.427.312.187.800;Düşük
Alan Xafira Deluxe Resort Spa;14973.0;18.641.796.344.259.500;-3.668.796.344.259.570;Yüksek
Aqı Pegasos World;18008.1;20.627.050.332.901.200;-2.618.950.332.901.230;Yüksek
Grand Cettia Hotel;23940.0;13.592.922.822.715.500;10.347.077.177.284.400;Düşük
Grand Kolibri Prestige Spa;10206.7;18.744.749.451.286.400;-8.538.049.451.286.440;Yüksek
Miracle Resort Otel;40500.0;19.719.953.338.020.500;20.780.046.661.979.400;Düşük
Sianji Well Being Resort;25110.0;18.986.130.004.464.800;6.123.869.995.535.120;Düşük
Side Star Park;16046.6;18.452.628.865.237.100;-24.060.288.652.371.600;Yüksek
Tui Magic Life Masmavi;25061.4;20.993.662.743.753.900;40.677.372.562.460.000;Düşük
Campus Hill Hotel;7781.4;13.531.087.482.734.400;-5.749.687.482.734.400;Yüksek
Club Porto Amore Adult Only;41971.0;18.888.003.520.854.600;23.082.996.479.145.300;Düşük
Del Mare Reserve Hotel Spa;56764.8;19.421.935.320.238.500;3.734.286.467.976.140;Düşük
Diamond Hill Resort;12232.5;18.609.253.099.006.400;-6.376.753.099.006.470;Yüksek
Elementa Boutique Hotel;27360.0;17.399.138.462.607.300;9.960.861.537.392.660;Düşük
Aqı Hydros Club;16891.2;1.979.876.142.096.890;-290.756.142.096.897;Yüksek
Arabella World Hotel;8373.7;16.573.403.447.505.800;-8.199.703.447.505.830;Yüksek
Ares Blue Hotel;8178.0;17.837.068.750.855.400;-9.659.068.750.855.440;Yüksek
Artemis Princess Hotel;10520.9;17.021.151.784.203.000;-6.500.251.784.203.060;Yüksek
Aska Just İn Beach;16456.5;19.207.219.041.783.600;-27.507.190.417.836.400;Yüksek
Balmy Beach Resort Kemer;57852.0;192.191.748.552.204;386.328.251.447.796;Düşük
Belkon Club Hotel;5100.0;13.731.664.105.727.100;-8.631.664.105.727.150;Yüksek
Bilem Hotel Beach Spa;20351.2;19.536.872.395.249.700;8.143.276.047.502.440;Düşük
Blue Fish Hotel;13114.3;18.853.861.476.169.100;-5.739.561.476.169.130;Yüksek
Club Kastalia Holiday Village;17796.2;19.200.059.315.907.300;-14.038.593.159.073.800;Yüksek
Club Munamar Beach Resort;9691.5;18.865.687.557.108.800;-9.174.187.557.108.860;Yüksek
Falcon Hotel;28800.0;20.128.666.250.581.600;8.671.333.749.418.390;Düşük
Fun And Sun Smart Hane Sun;13678.8;14.253.038.963.855.000;-574.238.963.855.063;Yüksek
Green Paradise Hotel;6891.4;18.300.770.869.312.000;-11.409.370.869.312.000;Yüksek
Hera Hotel Kaş;15390.0;19.313.749.658.599.900;-3.923.749.658.599.920;Yüksek
Hotel Bleu Nuit;4050.0;1.804.743.000.190.480;-13.997.430.001.904.800;Yüksek
Kleopatra Arsi Hotel;18711.3;18.110.310.183.832.000;6.009.898.161.679.920;Düşük
Lonicera Premium Hotel;16447.8;19.446.580.843.673.400;-29.987.808.436.734.800;Yüksek
Magna Manastır Suıt Hotel;23760.0;1.722.188.535.418.990;6.538.114.645.810.040;Düşük
Seher Kumköy Star Resort Spa;18720.0;20.063.249.104.334.200;-13.432.491.043.342.900;Yüksek
Side Amour Hotel;10800.0;13.089.552.326.777.700;-2.289.552.326.777.760;Yüksek
Side Win Hotel;6891.4;1.515.225.569.731.720;-826.085.569.731.724;Yüksek
Sisus Marina Hotel;10920.0;13.390.340.297.502.200;-24.703.402.975.022.800;Yüksek
The D Hotel Ceşme Spa Resort;18921.6;12.700.552.074.936.900;6.221.047.925.063.030;Düşük
Vita Bella Hotel Resort Spa;22950.0;1.912.480.432.608.820;38.251.956.739.117.500;Düşük
Club Hotel Mirabell;8004.0;19.282.718.708.880.900;-11.278.718.708.880.900;Yüksek
Grand Park Lara;17313.7;2.020.462.624.610.200;-2.890.926.246.102.080;Yüksek
Holiday Inn Antalya Lara;16906.5;15.828.309.745.506.200;10.781.902.544.937.900;Düşük
Oba Star Hotel Spa;8716.5;18.950.005.787.247.000;-10.233.505.787.247.000;Yüksek
Prenses Sealine Beach Hotel;13425.5;16.845.625.620.274.100;-3.420.125.620.274.150;Yüksek
Stella Hotel Kemer;12105.0;178.866.790.353.115;-5.781.679.035.311.490;Yüksek
A11 Hotel Obaköy;7257.0;1.910.123.851.819.770;-1.184.423.851.819.770;Yüksek
Akra V;15897.6;1.663.139.099.919.450;-733.790.999.194.518;Yüksek
Kleopatra Ada Hotel;8775.0;1.868.432.246.919.060;-9.909.322.469.190.620;Yüksek
Kleopatra Beach Hotel;10800.0;18.843.472.545.960.500;-8.043.472.545.960.500;Yüksek
Latanya Palm Hotel;11834.0;1.299.983.662.626.120;-11.658.366.262.612.900;Yüksek
Monte Carlo Hotel;12285.0;18.247.766.395.426.800;-5.962.766.395.426.870;Yüksek
Ni Marin Hotel;22075.2;191.589.040.602.692;29.162.959.397.308.000;Düşük
Old Town Point Hotel;13495.3;14.491.186.208.143.600;-9.958.862.081.436.490;Yüksek
Olive Tree Hotel;19800.0;18.113.679.704.846.800;1.686.320.295.153.190;Düşük
Premier Nergis Beach;18954.3;1.931.120.544.245.650;-3.569.054.424.565.800;Orta
Ramitos Hotel Turunç;19014.8;12.768.567.401.786.100;6.246.232.598.213.840;Düşük
Rammos Hotel Bodrum;20928.0;19.012.712.891.411.300;19.152.871.085.886.000;Düşük
Rich Melissa Hotel;9180.0;12.700.985.220.767.300;-35.209.852.207.673.700;Yüksek
Rk Magic Dream Hotel;15750.0;13.757.575.193.115.300;19.924.248.068.846.700;Düşük
Seagull Hotel;13566.0;19.082.098.652.141.400;-5.516.098.652.141.470;Yüksek
Çıralı Azur Hotel;17975.5;17.924.756.539.413.000;5.074.346.058.694.200;Orta
Elista Boutique Hotel Spa;34699.5;18.908.846.071.118.600;15.790.653.928.881.300;Düşük
Golden Orange Hotel;17535.2;15.936.574.057.849.800;15.986.259.421.501.200;Düşük
Grand Bahama Beach Hotel;15300.0;15.973.157.218.122.600;-6.731.572.181.226.720;Yüksek
Honeymoon Beach Hotel;10200.0;1.833.465.566.294.310;-8.134.655.662.943.150;Yüksek
Hotel Centro Bodrum;9152.2;12.360.853.346.487.300;-32.086.533.464.873.200;Yüksek
Hotel Golden Sun;19941.0;16.344.358.209.133.400;3.596.641.790.866.560;Düşük
Leslion Luxury Hotel;10200.0;12.809.482.109.658.200;-2.609.482.109.658.230;Yüksek
Mene City Hotel;26069.7;12.638.927.588.756.900;13.430.772.411.243.000;Düşük
Rosy Hotel;7500.0;12.615.876.319.899.000;-5.115.876.319.899.040;Yüksek
Santa Marina Hotel;9900.0;1.833.191.428.299.260;-843.191.428.299.265;Yüksek
Sava Hotel;7437.1;1.836.374.213.393.890;-1.092.664.213.393.890;Yüksek
Valeri Beach Hotel;16351.8;1.890.896.931.905.090;-25.571.693.190.509.200;Yüksek
Yalıhan Aspendos Hotel;20412.0;1.930.138.182.040.040;1.110.618.179.599.520;Düşük
Exporoyal Hotel;5125.8;12.530.811.634.651.200;-7.405.011.634.651.200;Yüksek
Samira Resort Kalkan;8550.0;1.272.461.369.890.320;-4.174.613.698.903.280;Yüksek
Side Löwe Hotel;9720.0;1.288.246.509.145.180;-31.624.650.914.518.200;Yüksek
Blue Bay Beach Hotel;7650.0;188.467.799.278.026;-111.967.799.278.026;Yüksek
Can Adalya Palace Hotel;6789.0;12.565.242.234.887.300;-5.776.242.234.887.370;Yüksek
Candan City Beach Otel;12352.9;177.146.275.263.208;-5.361.727.526.320.800;Yüksek
De Mare Family Hotel;9027.0;18.906.080.608.467.800;-9.879.080.608.467.850;Yüksek
Hotel Finike Marine;8496.0;1.615.350.345.724.150;-765.750.345.724.151;Yüksek
Hotel Royal Hill;10124.4;18.238.082.582.231.600;-8.113.682.582.231.660;Yüksek
İntermar Marmaris;4800.0;18.309.299.122.796.600;-13.509.299.122.796.600;Yüksek
Kleopatra İkiz Otel;5886.7;18.376.832.218.744.500;-12.490.132.218.744.500;Yüksek
Kosa Otel Çeşme;10200.0;17.212.947.053.159.400;-7.012.947.053.159.400;Yüksek
Lara Otel;10615.0;1.952.060.889.412.530;-8.905.608.894.125.390;Yüksek
Lara World Hotel;11514.1;17.268.431.688.189.300;-5.754.331.688.189.320;Yüksek
Lavitas Hotel;7560.0;13.444.338.844.962.200;-5.884.338.844.962.230;Yüksek
Lonicera City Kleopatra Hotel;14364.8;1.799.262.700.257.330;-3.627.827.002.573.390;Yüksek
Lupo Libero Hotel Spa;6559.4;14.412.963.658.173.300;-7.853.563.658.173.380;Yüksek
Marbas Select Beach;11131.3;18.742.688.987.326.400;-7.611.388.987.326.420;Yüksek
Maris Beach Hotel;16083.3;1.862.408.194.268.430;-25.407.819.426.843.300;Yüksek
Mevre Hotel;16478.6;12.499.369.761.578.500;39.792.302.384.214.400;Düşük
Mira Su Hotel;3942.0;1.577.702.494.496.830;-1.183.502.494.496.830;Yüksek
Nasa Flora Otel;10290.0;18.051.744.078.156.100;-7.761.744.078.156.120;Yüksek
Beyond Otel;11751.0;180.036.300.264.502;-6.252.630.026.450.190;Yüksek
Güleryüz Hotel;5122.7;1.740.922.259.652.960;-12.286.522.596.529.600;Yüksek
Kleopatra Beach Yıldız Hotel;18000.0;23.833.239.630.806.100;-5.833.239.630.806.190;Yüksek
Ni Hotel Lara;15137.2;12.600.173.524.490.300;2.537.026.475.509.620;Düşük
Sunset Hotel Marmaris;23130.9;12.347.588.407.542.300;10.783.311.592.457.600;Düşük
Via Farilya Hotel;47994.0;1.671.786.171.658.660;3.127.613.828.341.330;Düşük
Beetle House Coffee Hotel;7800.0;12.760.489.482.892.400;-4.960.489.482.892.490;Yüksek
Dores Residence;18732.2;17.535.397.691.064.700;11.968.023.089.352.000;Düşük
Evergreen Glamping;11880.0;12.085.813.903.752.500;-2.058.139.037.525.320;Orta
Flamingo Residence;18721.2;12.373.793.749.261.400;6.347.406.250.738.530;Düşük
Golden World Suite Hotel;13464.0;12.637.213.196.107.900;8.267.868.038.920.640;Düşük
Magic Garden Apart;8400.0;16.503.077.060.679.200;-8.103.077.060.679.250;Yüksek
İrem Garden Hotel;7284.8;14.399.260.346.433.800;-7.114.460.346.433.890;Yüksek
Arya Apart;8412.0;13.461.563.792.290.900;-5.049.563.792.290.910;Yüksek
Maison 48 Apart;11332.7;16.136.960.806.906.000;-4.804.260.806.906.040;Yüksek
New Safir Apart Hotel;13669.6;15.089.182.399.117.600;-14.195.823.991.176.700;Yüksek
Nirvana Apart Hotel;16819.2;12.003.866.884.019.900;48.153.331.159.800.200;Düşük
Sardunya Apart;6120.0;13.944.213.797.477.800;-7.824.213.797.477.820;Yüksek
Sercan Apart Hotel;11773.4;1.820.119.433.013.250;-6.427.794.330.132.580;Yüksek
Stile Suite Family Hotel;10820.7;13.553.605.877.110.500;-2.732.905.877.110.550;Yüksek
Şahin Apart Otel;4800.0;1.703.428.753.539.590;-1.223.428.753.539.590;Yüksek
Villa Asoa;14400.0;12.461.829.042.996.000;1.938.170.957.003.900;Düşük
Mavi Cennet Camping Pansiyon;12235.9;18.346.858.512.584.700;-61.109.585.125.847.800;Yüksek
Beta Guesthouse;16819.2;16.655.388.524.384.900;16.381.147.561.501.300;Orta
Deruni Ilıca Otel;15000.0;13.488.255.555.453.500;15.117.444.445.464.700;Düşük
Finike Sever Otel;4500.0;1.720.651.113.276.990;-1.270.651.113.276.990;Yüksek
Akkan Luxury Hotel;17975.1;17.974.518.492.038.200;0.5815079617023002;Orta
Amore Boutique Hotel;6811.7;16.277.606.497.698.700;-9.465.906.497.698.740;Yüksek
Art Suites Bodrum;30000.0;1.876.285.810.463.730;11.237.141.895.362.600;Düşük
Azuu Boutique Hotel;14716.3;12.765.347.335.353.300;19.509.526.646.466.800;Düşük
Babil Butik Hotel;8302.5;17.561.349.150.738.200;-9.258.849.150.738.260;Yüksek
Bodrium Hotel And Spa;22950.0;13.158.605.776.786.600;9.791.394.223.213.370;Düşük
Casamia Boutique Hotels;25800.0;1.870.425.789.289.000;7.095.742.107.109.980;Düşük
Casaoliva Alaçatı;28382.4;12.488.107.215.586.800;15.894.292.784.413.100;Düşük
Çınar Butik Kaş;9021.0;17.321.680.532.480.400;-8.300.680.532.480.400;Yüksek
Değirmenburnu Residence;15697.9;16.077.736.084.325.000;-3.798.360.843.250.570;Orta
Doria Hotel Yacht Club;61020.0;18.528.620.298.416.300;4.249.137.970.158.360;Düşük
Düşler Evim;11995.2;11.995.300.263.138.300;-0.10026313830530853;Orta
Elysium Green Suites Lara;17691.7;12.742.850.845.336.700;4.948.849.154.663.260;Düşük
En Vie Beach Boutique Hotel;15032.1;18.651.102.619.901.100;-36.190.026.199.011.400;Yüksek
Falcon 1511;16200.0;1.747.435.299.735.490;-12.743.529.973.549.800;Yüksek
Karyatit Hotel;10121.5;17.220.042.512.985.600;-7.098.542.512.985.690;Yüksek
Kekik Alaçatı Otel Mayko;9200.0;12.455.923.684.750.500;-32.559.236.847.505.000;Yüksek
La Mira Suites;7800.0;12.097.532.956.683.800;-4.297.532.956.683.820;Yüksek
Olympos Village Reluxury Hotel;16830.0;12.778.039.098.515.900;40.519.609.014.840.700;Düşük
Örsmaris Boutique Hotel;9799.9;18.778.863.051.725.400;-8.978.963.051.725.450;Yüksek
Palmalife Hotel;23512.8;195.829.440.259.942;3.929.855.974.005.800;Düşük
Seçkin Best Hotel Bodrum;9040.3;12.366.575.032.962.300;-3.326.275.032.962.300;Yüksek
Solo Boutique Hotel;19200.0;17.068.751.967.086.500;21.312.480.329.134.900;Düşük
Spektr Boutique Hotel Spa;33953.7;15.843.711.893.518.200;18.109.988.106.481.700;Düşük
The Mori Club Hotel;13850.6;17.689.671.721.693.800;-38.390.717.216.938.700;Yüksek
Veranda Suites;9041.1;12.264.857.799.375.200;-32.237.577.993.752.400;Yüksek
Villa Sonata Hotel;5882.4;17.231.360.432.198.300;-11.348.960.432.198.300;Yüksek
Afflon Hotels Sea Hill Concept;16311.1;17.569.366.296.931.800;-12.582.662.969.318.000;Yüksek
Alaroof Butik Otel;15000.0;12.716.317.952.380.300;22.836.820.476.196.600;Düşük
Amour Alaçatı Butik Otel;23994.0;15.540.090.730.695.800;8.453.909.269.304.190;Düşük
Casa Luna Hotel Alaçatı;31200.0;12.720.594.239.165.800;18.479.405.760.834.100;Düşük
Adrasan La Casita Boutique Hotel;15600.0;16.434.812.873.875.700;-8.348.128.738.757.730;Yüksek
Afet Hanım Konağı;12643.8;1.260.341.544.802.000;4.038.455.197.996.880;Orta
Ala Otel Alaçatı;23126.4;12.745.807.609.502.000;10.380.592.390.497.900;Düşük
Alaçatı Ala Konak Butik Otel;15000.0;12.425.010.260.288.400;25.749.897.397.115.700;Düşük
Alaçatı Roka Taş Otel;14000.0;12.299.293.633.503.600;17.007.063.664.963.400;Düşük
Antmare Hotel;27363.1;18.780.470.270.495.100;8.582.629.729.504.840;Düşük
Armel Alaçatı;17919.0;12.498.619.431.326.900;5.420.380.568.673.080;Düşük
Aspat Hotel Bodrum Beach Restaurant;7500.0;1.717.885.002.285.710;-9.678.850.022.857.120;Yüksek
Club Çapa;12220.6;1.861.615.347.377.240;-6.395.553.473.772.470;Yüksek
Coastline Boutique Hotel;9000.0;17.645.723.206.488.900;-8.645.723.206.488.930;Yüksek
Comfy Otel Antalya Lara;3658.1;15.256.494.830.901.500;-11.598.394.830.901.500;Yüksek
Çeşme Flowers Otel;60000.0;13.422.653.914.695.400;46.577.346.085.304.500;Düşük
Çeşme Marin Butik Otel;11600.0;12.314.564.428.454.000;-7.145.644.284.540.830;Yüksek
Der Inn Hotel Lara;23152.8;17.897.022.741.218.000;5.255.777.258.781.960;Düşük
Dolphin Butik Otel;26287.4;18.394.413.108.489.300;7.892.986.891.510.640;Düşük
Dream Time Hotel;11356.2;16.176.143.157.863.500;-4.819.943.157.863.570;Yüksek
Elanis Suites Hotel;21030.2;17.792.492.199.405.100;32.377.078.005.948.500;Düşük
Exen By Weekend;9000.0;18.014.508.422.527.500;-9.014.508.422.527.510;Yüksek
Flores Hotel Alaçatı;16815.1;12.360.659.290.551.000;44.544.407.094.489.700;Düşük
Grand Faik Hotel;11163.6;1.728.938.381.787.900;-6.125.783.817.879.060;Yüksek
Güler Butik Hotel;3876.0;18.995.483.386.776.200;-15.119.483.386.776.200;Yüksek
Gümüş Peninsula Hotel;27120.9;17.751.976.714.793.600;9.368.923.285.206.350;Düşük
Karden Otel;9471.4;1.776.390.678.711.250;-8.292.506.787.112.580;Yüksek
Kemer Park Hotel;6000.0;12.318.837.126.563.100;-6.318.837.126.563.120;Yüksek
Kemer Suite Apart Otel;4200.0;15.795.861.626.011.100;-11.595.861.626.011.100;Yüksek
Kempinski Residences Bodrum Barbaros Reserve;241920.0;18.507.719.384.517.000;22.341.228.061.548.200;Düşük
Köşe Konak Hotel;28306.7;12.533.996.660.960.600;15.772.703.339.039.300;Düşük
Kybele Suites Alaçatı;13800.0;1.226.999.600.117.350;15.300.039.988.264.300;Düşük
La Vida Triangulo Hotel;34500.0;12.382.684.839.851.900;22.117.315.160.148.000;Düşük
Lacitrus Villa Hotel;12386.4;12.505.015.917.708.900;-11.861.591.770.891.500;Orta
Lara Garden Hotel;6825.3;1.268.048.482.260.920;-585.518.482.260.928;Yüksek
Leaf River Suites;17665.5;12.795.156.971.621.100;4.870.343.028.378.850;Düşük
Likya Residence Hotel Spa;39116.5;1.280.771.140.193.920;2.630.878.859.806.070;Düşük
Lilium Boutique Hotel;18456.0;12.637.387.867.309.900;58.186.121.326.900.900;Düşük
Mon Amour Alaçatı;11994.0;1.231.438.606.945.310;-3.203.860.694.531.390;Orta
Moy Side;6000.0;17.692.609.312.392.400;-11.692.609.312.392.400;Yüksek
Mucho Butik Otel;7560.0;16.548.362.820.754.500;-8.988.362.820.754.570;Yüksek
No81 Hotel;28950.0;18.811.348.368.029.200;10.138.651.631.970.700;Düşük
Oscar Garden Hotel;11826.0;14.646.917.252.858.900;-2.820.917.252.858.910;Yüksek
Otel Gümüşlük;15000.0;18.299.497.486.282.300;-32.994.974.862.823.000;Yüksek
Payava Hotel By True Blue;17782.7;16.751.925.508.759.000;10.307.744.912.409.600;Düşük
Ramona Hotel;15326.5;15.969.758.722.351.600;-6.432.587.223.516.820;Yüksek
Rayana Hotel;14364.0;17.592.990.206.380.700;-3.228.990.206.380.770;Yüksek
Signature Alaçatı;59213.1;12.574.279.173.837.700;46.638.820.826.162.200;Düşük
Swan Boutique Hotel;25228.8;16.589.683.598.174.900;8.639.116.401.825.000;Düşük
The Farrys Boutique Hotel;19552.3;18.151.509.794.334.600;14.007.902.056.653.100;Düşük
The Hill Glamping;10912.5;12.555.989.508.068.000;-16.434.895.080.680.000;Yüksek
The Hotel 48;7573.0;1.775.147.551.414.360;-1.017.847.551.414.360;Yüksek
True Blue Boutique Hotel;26542.9;1.656.944.350.727.250;9.973.456.492.727.430;Düşük
Via Perla Butik Otel;20400.0;14.995.473.780.702.100;5.404.526.219.297.840;Düşük
Viento Hotel Alaçatı;38400.0;12.691.296.606.835.700;25.708.703.393.164.200;Düşük
Yalıkavak Marina Garden Hotel;22649.1;18.477.891.994.502.700;4.171.208.005.497.200;Düşük
Gvar Apart Hotel;6622.5;15.035.134.681.531.000;-8.412.634.681.531.040;Yüksek
Hotel Berke Ranch Nature;12278.0;13.198.772.542.955.100;-920.772.542.955.172;Yüksek
Kadirs Tree Houses;15714.0;12.593.226.264.168.300;31.207.737.358.316.700;Düşük
La Boutique Hotel Suites;25316.5;19.072.096.338.596.500;6.244.403.661.403.420;Düşük
Maja Luxury Çeşme;22113.0;18.714.555.952.957.800;3.398.444.047.042.140;Düşük
Moonshine Hotel Suites;9144.5;16.131.322.709.691.000;-6.986.822.709.691.060;Yüksek
Nostalgia World Otel;17640.0;1.787.707.755.750.600;-23.707.755.750.609.000;Orta
Patara Prince Resort;14533.2;20.605.174.055.243.400;-6.071.974.055.243.450;Yüksek
Patron Hotel;9000.0;15.848.073.434.944.500;-6.848.073.434.944.540;Yüksek
Peninsula Gardens Hotel;44479.3;1.786.072.843.597.640;2.661.857.156.402.350;Düşük
Sey Beach Hotel Spa;14152.5;18.681.503.611.479.300;-4.529.003.611.479.350;Yüksek
Start Otel;8210.7;12.595.295.351.952.100;-4.384.595.351.952.130;Yüksek
Terra Rossa;6264.1;12.269.603.464.938.500;-6.005.503.464.938.510;Yüksek
The Lifeco Bodrum;98812.8;18.613.121.589.168.700;8.019.967.841.083.120;Düşük
The Room Hotel Apartments;8830.0;13.451.574.632.984.400;-4.621.574.632.984.400;Yüksek
Eldar Garden Resort;10752.0;17.751.390.203.539.500;-6.999.390.203.539.560;Yüksek
Ena Boutique Hotel;19342.0;1.566.223.076.354.600;36.797.692.364.539.900;Düşük
Ertan Otel Çeşme;18360.0;1.835.990.016.526.110;0.09983473885949934;Orta
Parkım Ayaz Otel;16728.0;19.699.814.937.441.300;-2.971.814.937.441.340;Yüksek
Qinn Hotel;13410.0;1.908.746.740.806.900;-5.677.467.408.069.040;Yüksek
Sun Pearl Resort Çeşme;12375.0;1.866.311.372.715.080;-6.288.113.727.150.840;Yüksek
Şifne Thermal Hotel;21000.0;1.851.637.251.447.490;24.836.274.855.250.800;Düşük
The Sansa Hotel;11640.0;12.911.243.322.412.300;-12.712.433.224.123.000;Yüksek
Regnum Carya;84600.0;26.094.983.980.022.400;58.505.016.019.977.500;Düşük
Robinson Nobilis;39815.9;19.659.241.931.650.400;20.156.658.068.349.500;Düşük
Side Kum Hotel;27783.0;16.475.815.142.124.200;11.307.184.857.875.700;Düşük
Sui Resort Hotel;21582.0;16.061.648.725.982.500;55.203.512.740.174.200;Düşük
Aqı Pegasos Resort;18314.1;19.870.113.458.441.200;-1.556.013.458.441.250;Yüksek
Best Western Plus Khan Hotel;19768.4;13.003.737.644.222.300;6.764.662.355.777.610;Düşük
Charm Beach Hotel;15606.0;19.618.874.036.061.400;-4.012.874.036.061.480;Yüksek
Ritim Apart Otel;1681709.6;16.505.795.893.268.900;16.652.038.041.067.300;Düşük
Golden Key Hisarönü;47994.0;18.650.597.905.384.400;29.343.402.094.615.500;Düşük
Lavanta Hotel Turunç;12614.4;13.413.331.846.481.000;-7.989.318.464.810.070;Yüksek
Monottoman Otel;15900.0;1.250.633.916.553.270;33.936.608.344.672.200;Düşük
Petunya Konak Butik Otel;13665.6;12.710.241.736.355.900;9.553.582.636.440.130;Düşük
Upperhouse Boutique Hotel;14580.0;1.668.624.342.356.690;-21.062.434.235.669.700;Yüksek
Graf Victor Hotel;8409.6;17.913.084.165.653.900;-9.503.484.165.653.960;Yüksek
Tourist Hotel;11805.4;17.771.992.120.038.300;-5.966.592.120.038.300;Yüksek
Sarp Hotels Kadriye;11437.0;13.115.726.711.174.200;-16.787.267.111.742.900;Yüksek
Majeste Hotel Bodrum;7920.0;17.205.739.468.230.900;-9.285.739.468.230.910;Yüksek
Adrasan Nar Çiçeği Otel;35880.0;13.330.135.688.801.100;22.549.864.311.198.800;Düşük
Türkmen Tree Houses;19131.8;14.398.140.638.515.100;4.733.659.361.484.820;Düşük
The Marilis Hill Resort Hotel Spa;13642.6;14.244.175.223.436.000;-6.015.752.234.360.240;Yüksek
Sea City Devran Hotel Spa;59918.4;17.434.775.090.690.400;424.836.249.093.096;Düşük
